date_key,year,quarter,month_num,month_name,year_month,day_of_month,day_name,is_weekend,is_month_end,is_quarter_end
2024-10-03,2024,4,10,Oct,2024-10,3,Thu,0,0,0
2024-10-04,2024,4,10,Oct,2024-10,4,Fri,0,0,0
2024-10-05,2024,4,10,Oct,2024-10,5,Sat,1,0,0
2024-10-06,2024,4,10,Oct,2024-10,6,Sun,1,0,0
2024-10-07,2024,4,10,Oct,2024-10,7,Mon,0,0,0
2024-10-08,2024,4,10,Oct,2024-10,8,Tue,0,0,0
2024-10-09,2024,4,10,Oct,2024-10,9,Wed,0,0,0
2024-10-10,2024,4,10,Oct,2024-10,10,Thu,0,0,0
2024-10-11,2024,4,10,Oct,2024-10,11,Fri,0,0,0
2024-10-12,2024,4,10,Oct,2024-10,12,Sat,1,0,0
2024-10-13,2024,4,10,Oct,2024-10,13,Sun,1,0,0
2024-10-14,2024,4,10,Oct,2024-10,14,Mon,0,0,0
2024-10-15,2024,4,10,Oct,2024-10,15,Tue,0,0,0
2024-10-16,2024,4,10,Oct,2024-10,16,Wed,0,0,0
2024-10-17,2024,4,10,Oct,2024-10,17,Thu,0,0,0
2024-10-18,2024,4,10,Oct,2024-10,18,Fri,0,0,0
2024-10-19,2024,4,10,Oct,2024-10,19,Sat,1,0,0
2024-10-20,2024,4,10,Oct,2024-10,20,Sun,1,0,0
2024-10-21,2024,4,10,Oct,2024-10,21,Mon,0,0,0
2024-10-22,2024,4,10,Oct,2024-10,22,Tue,0,0,0
2024-10-23,2024,4,10,Oct,2024-10,23,Wed,0,0,0
2024-10-24,2024,4,10,Oct,2024-10,24,Thu,0,0,0
2024-10-25,2024,4,10,Oct,2024-10,25,Fri,0,0,0
2024-10-26,2024,4,10,Oct,2024-10,26,Sat,1,0,0
2024-10-27,2024,4,10,Oct,2024-10,27,Sun,1,0,0
2024-10-28,2024,4,10,Oct,2024-10,28,Mon,0,0,0
2024-10-29,2024,4,10,Oct,2024-10,29,Tue,0,0,0
2024-10-30,2024,4,10,Oct,2024-10,30,Wed,0,0,0
2024-10-31,2024,4,10,Oct,2024-10,31,Thu,0,1,0
2024-11-01,2024,4,11,Nov,2024-11,1,Fri,0,0,0
2024-11-02,2024,4,11,Nov,2024-11,2,Sat,1,0,0
2024-11-03,2024,4,11,Nov,2024-11,3,Sun,1,0,0
2024-11-04,2024,4,11,Nov,2024-11,4,Mon,0,0,0
2024-11-05,2024,4,11,Nov,2024-11,5,Tue,0,0,0
2024-11-06,2024,4,11,Nov,2024-11,6,Wed,0,0,0
2024-11-07,2024,4,11,Nov,2024-11,7,Thu,0,0,0
2024-11-08,2024,4,11,Nov,2024-11,8,Fri,0,0,0
2024-11-09,2024,4,11,Nov,2024-11,9,Sat,1,0,0
2024-11-10,2024,4,11,Nov,2024-11,10,Sun,1,0,0
2024-11-11,2024,4,11,Nov,2024-11,11,Mon,0,0,0
2024-11-12,2024,4,11,Nov,2024-11,12,Tue,0,0,0
2024-11-13,2024,4,11,Nov,2024-11,13,Wed,0,0,0
2024-11-14,2024,4,11,Nov,2024-11,14,Thu,0,0,0
2024-11-15,2024,4,11,Nov,2024-11,15,Fri,0,0,0
2024-11-16,2024,4,11,Nov,2024-11,16,Sat,1,0,0
2024-11-17,2024,4,11,Nov,2024-11,17,Sun,1,0,0
2024-11-18,2024,4,11,Nov,2024-11,18,Mon,0,0,0
2024-11-19,2024,4,11,Nov,2024-11,19,Tue,0,0,0
2024-11-20,2024,4,11,Nov,2024-11,20,Wed,0,0,0
2024-11-21,2024,4,11,Nov,2024-11,21,Thu,0,0,0
2024-11-22,2024,4,11,Nov,2024-11,22,Fri,0,0,0
2024-11-23,2024,4,11,Nov,2024-11,23,Sat,1,0,0
2024-11-24,2024,4,11,Nov,2024-11,24,Sun,1,0,0
2024-11-25,2024,4,11,Nov,2024-11,25,Mon,0,0,0
2024-11-26,2024,4,11,Nov,2024-11,26,Tue,0,0,0
2024-11-27,2024,4,11,Nov,2024-11,27,Wed,0,0,0
2024-11-28,2024,4,11,Nov,2024-11,28,Thu,0,0,0
2024-11-29,2024,4,11,Nov,2024-11,29,Fri,0,0,0
2024-11-30,2024,4,11,Nov,2024-11,30,Sat,1,1,0
2024-12-01,2024,4,12,Dec,2024-12,1,Sun,1,0,0
2024-12-02,2024,4,12,Dec,2024-12,2,Mon,0,0,0
2024-12-03,2024,4,12,Dec,2024-12,3,Tue,0,0,0
2024-12-04,2024,4,12,Dec,2024-12,4,Wed,0,0,0
2024-12-05,2024,4,12,Dec,2024-12,5,Thu,0,0,0
2024-12-06,2024,4,12,Dec,2024-12,6,Fri,0,0,0
2024-12-07,2024,4,12,Dec,2024-12,7,Sat,1,0,0
2024-12-08,2024,4,12,Dec,2024-12,8,Sun,1,0,0
2024-12-09,2024,4,12,Dec,2024-12,9,Mon,0,0,0
2024-12-10,2024,4,12,Dec,2024-12,10,Tue,0,0,0
2024-12-11,2024,4,12,Dec,2024-12,11,Wed,0,0,0
2024-12-12,2024,4,12,Dec,2024-12,12,Thu,0,0,0
2024-12-13,2024,4,12,Dec,2024-12,13,Fri,0,0,0
2024-12-14,2024,4,12,Dec,2024-12,14,Sat,1,0,0
2024-12-15,2024,4,12,Dec,2024-12,15,Sun,1,0,0
2024-12-16,2024,4,12,Dec,2024-12,16,Mon,0,0,0
2024-12-17,2024,4,12,Dec,2024-12,17,Tue,0,0,0
2024-12-18,2024,4,12,Dec,2024-12,18,Wed,0,0,0
2024-12-19,2024,4,12,Dec,2024-12,19,Thu,0,0,0
2024-12-20,2024,4,12,Dec,2024-12,20,Fri,0,0,0
2024-12-21,2024,4,12,Dec,2024-12,21,Sat,1,0,0
2024-12-22,2024,4,12,Dec,2024-12,22,Sun,1,0,0
2024-12-23,2024,4,12,Dec,2024-12,23,Mon,0,0,0
2024-12-24,2024,4,12,Dec,2024-12,24,Tue,0,0,0
2024-12-25,2024,4,12,Dec,2024-12,25,Wed,0,0,0
2024-12-26,2024,4,12,Dec,2024-12,26,Thu,0,0,0
2024-12-27,2024,4,12,Dec,2024-12,27,Fri,0,0,0
2024-12-28,2024,4,12,Dec,2024-12,28,Sat,1,0,0
2024-12-29,2024,4,12,Dec,2024-12,29,Sun,1,0,0
2024-12-30,2024,4,12,Dec,2024-12,30,Mon,0,0,0
2024-12-31,2024,4,12,Dec,2024-12,31,Tue,0,1,1
2025-01-01,2025,1,1,Jan,2025-01,1,Wed,0,0,0
2025-01-02,2025,1,1,Jan,2025-01,2,Thu,0,0,0
2025-01-03,2025,1,1,Jan,2025-01,3,Fri,0,0,0
2025-01-04,2025,1,1,Jan,2025-01,4,Sat,1,0,0
2025-01-05,2025,1,1,Jan,2025-01,5,Sun,1,0,0
2025-01-06,2025,1,1,Jan,2025-01,6,Mon,0,0,0
2025-01-07,2025,1,1,Jan,2025-01,7,Tue,0,0,0
2025-01-08,2025,1,1,Jan,2025-01,8,Wed,0,0,0
2025-01-09,2025,1,1,Jan,2025-01,9,Thu,0,0,0
2025-01-10,2025,1,1,Jan,2025-01,10,Fri,0,0,0
2025-01-11,2025,1,1,Jan,2025-01,11,Sat,1,0,0
2025-01-12,2025,1,1,Jan,2025-01,12,Sun,1,0,0
2025-01-13,2025,1,1,Jan,2025-01,13,Mon,0,0,0
2025-01-14,2025,1,1,Jan,2025-01,14,Tue,0,0,0
2025-01-15,2025,1,1,Jan,2025-01,15,Wed,0,0,0
2025-01-16,2025,1,1,Jan,2025-01,16,Thu,0,0,0
2025-01-17,2025,1,1,Jan,2025-01,17,Fri,0,0,0
2025-01-18,2025,1,1,Jan,2025-01,18,Sat,1,0,0
2025-01-19,2025,1,1,Jan,2025-01,19,Sun,1,0,0
2025-01-20,2025,1,1,Jan,2025-01,20,Mon,0,0,0
2025-01-21,2025,1,1,Jan,2025-01,21,Tue,0,0,0
2025-01-22,2025,1,1,Jan,2025-01,22,Wed,0,0,0
2025-01-23,2025,1,1,Jan,2025-01,23,Thu,0,0,0
2025-01-24,2025,1,1,Jan,2025-01,24,Fri,0,0,0
2025-01-25,2025,1,1,Jan,2025-01,25,Sat,1,0,0
2025-01-26,2025,1,1,Jan,2025-01,26,Sun,1,0,0
2025-01-27,2025,1,1,Jan,2025-01,27,Mon,0,0,0
2025-01-28,2025,1,1,Jan,2025-01,28,Tue,0,0,0
2025-01-29,2025,1,1,Jan,2025-01,29,Wed,0,0,0
2025-01-30,2025,1,1,Jan,2025-01,30,Thu,0,0,0
2025-01-31,2025,1,1,Jan,2025-01,31,Fri,0,1,0
2025-02-01,2025,1,2,Feb,2025-02,1,Sat,1,0,0
2025-02-02,2025,1,2,Feb,2025-02,2,Sun,1,0,0
2025-02-03,2025,1,2,Feb,2025-02,3,Mon,0,0,0
2025-02-04,2025,1,2,Feb,2025-02,4,Tue,0,0,0
2025-02-05,2025,1,2,Feb,2025-02,5,Wed,0,0,0
2025-02-06,2025,1,2,Feb,2025-02,6,Thu,0,0,0
2025-02-07,2025,1,2,Feb,2025-02,7,Fri,0,0,0
2025-02-08,2025,1,2,Feb,2025-02,8,Sat,1,0,0
2025-02-09,2025,1,2,Feb,2025-02,9,Sun,1,0,0
2025-02-10,2025,1,2,Feb,2025-02,10,Mon,0,0,0
2025-02-11,2025,1,2,Feb,2025-02,11,Tue,0,0,0
2025-02-12,2025,1,2,Feb,2025-02,12,Wed,0,0,0
2025-02-13,2025,1,2,Feb,2025-02,13,Thu,0,0,0
2025-02-14,2025,1,2,Feb,2025-02,14,Fri,0,0,0
2025-02-15,2025,1,2,Feb,2025-02,15,Sat,1,0,0
2025-02-16,2025,1,2,Feb,2025-02,16,Sun,1,0,0
2025-02-17,2025,1,2,Feb,2025-02,17,Mon,0,0,0
2025-02-18,2025,1,2,Feb,2025-02,18,Tue,0,0,0
2025-02-19,2025,1,2,Feb,2025-02,19,Wed,0,0,0
2025-02-20,2025,1,2,Feb,2025-02,20,Thu,0,0,0
2025-02-21,2025,1,2,Feb,2025-02,21,Fri,0,0,0
2025-02-22,2025,1,2,Feb,2025-02,22,Sat,1,0,0
2025-02-23,2025,1,2,Feb,2025-02,23,Sun,1,0,0
2025-02-24,2025,1,2,Feb,2025-02,24,Mon,0,0,0
2025-02-25,2025,1,2,Feb,2025-02,25,Tue,0,0,0
2025-02-26,2025,1,2,Feb,2025-02,26,Wed,0,0,0
2025-02-27,2025,1,2,Feb,2025-02,27,Thu,0,0,0
2025-02-28,2025,1,2,Feb,2025-02,28,Fri,0,1,0
2025-03-01,2025,1,3,Mar,2025-03,1,Sat,1,0,0
2025-03-02,2025,1,3,Mar,2025-03,2,Sun,1,0,0
2025-03-03,2025,1,3,Mar,2025-03,3,Mon,0,0,0
2025-03-04,2025,1,3,Mar,2025-03,4,Tue,0,0,0
2025-03-05,2025,1,3,Mar,2025-03,5,Wed,0,0,0
2025-03-06,2025,1,3,Mar,2025-03,6,Thu,0,0,0
2025-03-07,2025,1,3,Mar,2025-03,7,Fri,0,0,0
2025-03-08,2025,1,3,Mar,2025-03,8,Sat,1,0,0
2025-03-09,2025,1,3,Mar,2025-03,9,Sun,1,0,0
2025-03-10,2025,1,3,Mar,2025-03,10,Mon,0,0,0
2025-03-11,2025,1,3,Mar,2025-03,11,Tue,0,0,0
2025-03-12,2025,1,3,Mar,2025-03,12,Wed,0,0,0
2025-03-13,2025,1,3,Mar,2025-03,13,Thu,0,0,0
2025-03-14,2025,1,3,Mar,2025-03,14,Fri,0,0,0
2025-03-15,2025,1,3,Mar,2025-03,15,Sat,1,0,0
2025-03-16,2025,1,3,Mar,2025-03,16,Sun,1,0,0
2025-03-17,2025,1,3,Mar,2025-03,17,Mon,0,0,0
2025-03-18,2025,1,3,Mar,2025-03,18,Tue,0,0,0
2025-03-19,2025,1,3,Mar,2025-03,19,Wed,0,0,0
2025-03-20,2025,1,3,Mar,2025-03,20,Thu,0,0,0
2025-03-21,2025,1,3,Mar,2025-03,21,Fri,0,0,0
2025-03-22,2025,1,3,Mar,2025-03,22,Sat,1,0,0
2025-03-23,2025,1,3,Mar,2025-03,23,Sun,1,0,0
2025-03-24,2025,1,3,Mar,2025-03,24,Mon,0,0,0
2025-03-25,2025,1,3,Mar,2025-03,25,Tue,0,0,0
2025-03-26,2025,1,3,Mar,2025-03,26,Wed,0,0,0
2025-03-27,2025,1,3,Mar,2025-03,27,Thu,0,0,0
2025-03-28,2025,1,3,Mar,2025-03,28,Fri,0,0,0
2025-03-29,2025,1,3,Mar,2025-03,29,Sat,1,0,0
2025-03-30,2025,1,3,Mar,2025-03,30,Sun,1,0,0
2025-03-31,2025,1,3,Mar,2025-03,31,Mon,0,1,1
2025-04-01,2025,2,4,Apr,2025-04,1,Tue,0,0,0
2025-04-02,2025,2,4,Apr,2025-04,2,Wed,0,0,0
2025-04-03,2025,2,4,Apr,2025-04,3,Thu,0,0,0
2025-04-04,2025,2,4,Apr,2025-04,4,Fri,0,0,0
2025-04-05,2025,2,4,Apr,2025-04,5,Sat,1,0,0
2025-04-06,2025,2,4,Apr,2025-04,6,Sun,1,0,0
2025-04-07,2025,2,4,Apr,2025-04,7,Mon,0,0,0
2025-04-08,2025,2,4,Apr,2025-04,8,Tue,0,0,0
2025-04-09,2025,2,4,Apr,2025-04,9,Wed,0,0,0
2025-04-10,2025,2,4,Apr,2025-04,10,Thu,0,0,0
2025-04-11,2025,2,4,Apr,2025-04,11,Fri,0,0,0
2025-04-12,2025,2,4,Apr,2025-04,12,Sat,1,0,0
2025-04-13,2025,2,4,Apr,2025-04,13,Sun,1,0,0
2025-04-14,2025,2,4,Apr,2025-04,14,Mon,0,0,0
2025-04-15,2025,2,4,Apr,2025-04,15,Tue,0,0,0
2025-04-16,2025,2,4,Apr,2025-04,16,Wed,0,0,0
2025-04-17,2025,2,4,Apr,2025-04,17,Thu,0,0,0
2025-04-18,2025,2,4,Apr,2025-04,18,Fri,0,0,0
2025-04-19,2025,2,4,Apr,2025-04,19,Sat,1,0,0
2025-04-20,2025,2,4,Apr,2025-04,20,Sun,1,0,0
2025-04-21,2025,2,4,Apr,2025-04,21,Mon,0,0,0
2025-04-22,2025,2,4,Apr,2025-04,22,Tue,0,0,0
2025-04-23,2025,2,4,Apr,2025-04,23,Wed,0,0,0
2025-04-24,2025,2,4,Apr,2025-04,24,Thu,0,0,0
2025-04-25,2025,2,4,Apr,2025-04,25,Fri,0,0,0
2025-04-26,2025,2,4,Apr,2025-04,26,Sat,1,0,0
2025-04-27,2025,2,4,Apr,2025-04,27,Sun,1,0,0
2025-04-28,2025,2,4,Apr,2025-04,28,Mon,0,0,0
2025-04-29,2025,2,4,Apr,2025-04,29,Tue,0,0,0
2025-04-30,2025,2,4,Apr,2025-04,30,Wed,0,1,0
2025-05-01,2025,2,5,May,2025-05,1,Thu,0,0,0
2025-05-02,2025,2,5,May,2025-05,2,Fri,0,0,0
2025-05-03,2025,2,5,May,2025-05,3,Sat,1,0,0
2025-05-04,2025,2,5,May,2025-05,4,Sun,1,0,0
2025-05-05,2025,2,5,May,2025-05,5,Mon,0,0,0
2025-05-06,2025,2,5,May,2025-05,6,Tue,0,0,0
2025-05-07,2025,2,5,May,2025-05,7,Wed,0,0,0
2025-05-08,2025,2,5,May,2025-05,8,Thu,0,0,0
2025-05-09,2025,2,5,May,2025-05,9,Fri,0,0,0
2025-05-10,2025,2,5,May,2025-05,10,Sat,1,0,0
2025-05-11,2025,2,5,May,2025-05,11,Sun,1,0,0
2025-05-12,2025,2,5,May,2025-05,12,Mon,0,0,0
2025-05-13,2025,2,5,May,2025-05,13,Tue,0,0,0
2025-05-14,2025,2,5,May,2025-05,14,Wed,0,0,0
2025-05-15,2025,2,5,May,2025-05,15,Thu,0,0,0
2025-05-16,2025,2,5,May,2025-05,16,Fri,0,0,0
2025-05-17,2025,2,5,May,2025-05,17,Sat,1,0,0
2025-05-18,2025,2,5,May,2025-05,18,Sun,1,0,0
2025-05-19,2025,2,5,May,2025-05,19,Mon,0,0,0
2025-05-20,2025,2,5,May,2025-05,20,Tue,0,0,0
2025-05-21,2025,2,5,May,2025-05,21,Wed,0,0,0
2025-05-22,2025,2,5,May,2025-05,22,Thu,0,0,0
2025-05-23,2025,2,5,May,2025-05,23,Fri,0,0,0
2025-05-24,2025,2,5,May,2025-05,24,Sat,1,0,0
2025-05-25,2025,2,5,May,2025-05,25,Sun,1,0,0
2025-05-26,2025,2,5,May,2025-05,26,Mon,0,0,0
2025-05-27,2025,2,5,May,2025-05,27,Tue,0,0,0
2025-05-28,2025,2,5,May,2025-05,28,Wed,0,0,0
2025-05-29,2025,2,5,May,2025-05,29,Thu,0,0,0
2025-05-30,2025,2,5,May,2025-05,30,Fri,0,0,0
2025-05-31,2025,2,5,May,2025-05,31,Sat,1,1,0
2025-06-01,2025,2,6,Jun,2025-06,1,Sun,1,0,0
2025-06-02,2025,2,6,Jun,2025-06,2,Mon,0,0,0
2025-06-03,2025,2,6,Jun,2025-06,3,Tue,0,0,0
2025-06-04,2025,2,6,Jun,2025-06,4,Wed,0,0,0
2025-06-05,2025,2,6,Jun,2025-06,5,Thu,0,0,0
2025-06-06,2025,2,6,Jun,2025-06,6,Fri,0,0,0
2025-06-07,2025,2,6,Jun,2025-06,7,Sat,1,0,0
2025-06-08,2025,2,6,Jun,2025-06,8,Sun,1,0,0
2025-06-09,2025,2,6,Jun,2025-06,9,Mon,0,0,0
2025-06-10,2025,2,6,Jun,2025-06,10,Tue,0,0,0
2025-06-11,2025,2,6,Jun,2025-06,11,Wed,0,0,0
2025-06-12,2025,2,6,Jun,2025-06,12,Thu,0,0,0
2025-06-13,2025,2,6,Jun,2025-06,13,Fri,0,0,0
2025-06-14,2025,2,6,Jun,2025-06,14,Sat,1,0,0
2025-06-15,2025,2,6,Jun,2025-06,15,Sun,1,0,0
2025-06-16,2025,2,6,Jun,2025-06,16,Mon,0,0,0
2025-06-17,2025,2,6,Jun,2025-06,17,Tue,0,0,0
2025-06-18,2025,2,6,Jun,2025-06,18,Wed,0,0,0
2025-06-19,2025,2,6,Jun,2025-06,19,Thu,0,0,0
2025-06-20,2025,2,6,Jun,2025-06,20,Fri,0,0,0
2025-06-21,2025,2,6,Jun,2025-06,21,Sat,1,0,0
2025-06-22,2025,2,6,Jun,2025-06,22,Sun,1,0,0
2025-06-23,2025,2,6,Jun,2025-06,23,Mon,0,0,0
2025-06-24,2025,2,6,Jun,2025-06,24,Tue,0,0,0
2025-06-25,2025,2,6,Jun,2025-06,25,Wed,0,0,0
2025-06-26,2025,2,6,Jun,2025-06,26,Thu,0,0,0
2025-06-27,2025,2,6,Jun,2025-06,27,Fri,0,0,0
2025-06-28,2025,2,6,Jun,2025-06,28,Sat,1,0,0
2025-06-29,2025,2,6,Jun,2025-06,29,Sun,1,0,0
2025-06-30,2025,2,6,Jun,2025-06,30,Mon,0,1,1
2025-07-01,2025,3,7,Jul,2025-07,1,Tue,0,0,0
2025-07-02,2025,3,7,Jul,2025-07,2,Wed,0,0,0
2025-07-03,2025,3,7,Jul,2025-07,3,Thu,0,0,0
2025-07-04,2025,3,7,Jul,2025-07,4,Fri,0,0,0
2025-07-05,2025,3,7,Jul,2025-07,5,Sat,1,0,0
2025-07-06,2025,3,7,Jul,2025-07,6,Sun,1,0,0
2025-07-07,2025,3,7,Jul,2025-07,7,Mon,0,0,0
2025-07-08,2025,3,7,Jul,2025-07,8,Tue,0,0,0
2025-07-09,2025,3,7,Jul,2025-07,9,Wed,0,0,0
2025-07-10,2025,3,7,Jul,2025-07,10,Thu,0,0,0
2025-07-11,2025,3,7,Jul,2025-07,11,Fri,0,0,0
2025-07-12,2025,3,7,Jul,2025-07,12,Sat,1,0,0
2025-07-13,2025,3,7,Jul,2025-07,13,Sun,1,0,0
2025-07-14,2025,3,7,Jul,2025-07,14,Mon,0,0,0
2025-07-15,2025,3,7,Jul,2025-07,15,Tue,0,0,0
2025-07-16,2025,3,7,Jul,2025-07,16,Wed,0,0,0
2025-07-17,2025,3,7,Jul,2025-07,17,Thu,0,0,0
2025-07-18,2025,3,7,Jul,2025-07,18,Fri,0,0,0
2025-07-19,2025,3,7,Jul,2025-07,19,Sat,1,0,0
2025-07-20,2025,3,7,Jul,2025-07,20,Sun,1,0,0
2025-07-21,2025,3,7,Jul,2025-07,21,Mon,0,0,0
2025-07-22,2025,3,7,Jul,2025-07,22,Tue,0,0,0
2025-07-23,2025,3,7,Jul,2025-07,23,Wed,0,0,0
2025-07-24,2025,3,7,Jul,2025-07,24,Thu,0,0,0
2025-07-25,2025,3,7,Jul,2025-07,25,Fri,0,0,0
2025-07-26,2025,3,7,Jul,2025-07,26,Sat,1,0,0
2025-07-27,2025,3,7,Jul,2025-07,27,Sun,1,0,0
2025-07-28,2025,3,7,Jul,2025-07,28,Mon,0,0,0
2025-07-29,2025,3,7,Jul,2025-07,29,Tue,0,0,0
2025-07-30,2025,3,7,Jul,2025-07,30,Wed,0,0,0
2025-07-31,2025,3,7,Jul,2025-07,31,Thu,0,1,0
2025-08-01,2025,3,8,Aug,2025-08,1,Fri,0,0,0
2025-08-02,2025,3,8,Aug,2025-08,2,Sat,1,0,0
2025-08-03,2025,3,8,Aug,2025-08,3,Sun,1,0,0
2025-08-04,2025,3,8,Aug,2025-08,4,Mon,0,0,0
2025-08-05,2025,3,8,Aug,2025-08,5,Tue,0,0,0
2025-08-06,2025,3,8,Aug,2025-08,6,Wed,0,0,0
2025-08-07,2025,3,8,Aug,2025-08,7,Thu,0,0,0
2025-08-08,2025,3,8,Aug,2025-08,8,Fri,0,0,0
2025-08-09,2025,3,8,Aug,2025-08,9,Sat,1,0,0
2025-08-10,2025,3,8,Aug,2025-08,10,Sun,1,0,0
2025-08-11,2025,3,8,Aug,2025-08,11,Mon,0,0,0
2025-08-12,2025,3,8,Aug,2025-08,12,Tue,0,0,0
2025-08-13,2025,3,8,Aug,2025-08,13,Wed,0,0,0
2025-08-14,2025,3,8,Aug,2025-08,14,Thu,0,0,0
2025-08-15,2025,3,8,Aug,2025-08,15,Fri,0,0,0
2025-08-16,2025,3,8,Aug,2025-08,16,Sat,1,0,0
2025-08-17,2025,3,8,Aug,2025-08,17,Sun,1,0,0
2025-08-18,2025,3,8,Aug,2025-08,18,Mon,0,0,0
2025-08-19,2025,3,8,Aug,2025-08,19,Tue,0,0,0
2025-08-20,2025,3,8,Aug,2025-08,20,Wed,0,0,0
2025-08-21,2025,3,8,Aug,2025-08,21,Thu,0,0,0
2025-08-22,2025,3,8,Aug,2025-08,22,Fri,0,0,0
2025-08-23,2025,3,8,Aug,2025-08,23,Sat,1,0,0
2025-08-24,2025,3,8,Aug,2025-08,24,Sun,1,0,0
2025-08-25,2025,3,8,Aug,2025-08,25,Mon,0,0,0
2025-08-26,2025,3,8,Aug,2025-08,26,Tue,0,0,0
2025-08-27,2025,3,8,Aug,2025-08,27,Wed,0,0,0
2025-08-28,2025,3,8,Aug,2025-08,28,Thu,0,0,0
2025-08-29,2025,3,8,Aug,2025-08,29,Fri,0,0,0
2025-08-30,2025,3,8,Aug,2025-08,30,Sat,1,0,0
2025-08-31,2025,3,8,Aug,2025-08,31,Sun,1,1,0
2025-09-01,2025,3,9,Sep,2025-09,1,Mon,0,0,0
2025-09-02,2025,3,9,Sep,2025-09,2,Tue,0,0,0
2025-09-03,2025,3,9,Sep,2025-09,3,Wed,0,0,0
2025-09-04,2025,3,9,Sep,2025-09,4,Thu,0,0,0
2025-09-05,2025,3,9,Sep,2025-09,5,Fri,0,0,0
2025-09-06,2025,3,9,Sep,2025-09,6,Sat,1,0,0
2025-09-07,2025,3,9,Sep,2025-09,7,Sun,1,0,0
2025-09-08,2025,3,9,Sep,2025-09,8,Mon,0,0,0
2025-09-09,2025,3,9,Sep,2025-09,9,Tue,0,0,0
2025-09-10,2025,3,9,Sep,2025-09,10,Wed,0,0,0
2025-09-11,2025,3,9,Sep,2025-09,11,Thu,0,0,0
2025-09-12,2025,3,9,Sep,2025-09,12,Fri,0,0,0
2025-09-13,2025,3,9,Sep,2025-09,13,Sat,1,0,0
2025-09-14,2025,3,9,Sep,2025-09,14,Sun,1,0,0
2025-09-15,2025,3,9,Sep,2025-09,15,Mon,0,0,0
2025-09-16,2025,3,9,Sep,2025-09,16,Tue,0,0,0
2025-09-17,2025,3,9,Sep,2025-09,17,Wed,0,0,0
2025-09-18,2025,3,9,Sep,2025-09,18,Thu,0,0,0
2025-09-19,2025,3,9,Sep,2025-09,19,Fri,0,0,0
2025-09-20,2025,3,9,Sep,2025-09,20,Sat,1,0,0
2025-09-21,2025,3,9,Sep,2025-09,21,Sun,1,0,0
2025-09-22,2025,3,9,Sep,2025-09,22,Mon,0,0,0
2025-09-23,2025,3,9,Sep,2025-09,23,Tue,0,0,0
2025-09-24,2025,3,9,Sep,2025-09,24,Wed,0,0,0
2025-09-25,2025,3,9,Sep,2025-09,25,Thu,0,0,0
2025-09-26,2025,3,9,Sep,2025-09,26,Fri,0,0,0
2025-09-27,2025,3,9,Sep,2025-09,27,Sat,1,0,0
2025-09-28,2025,3,9,Sep,2025-09,28,Sun,1,0,0
2025-09-29,2025,3,9,Sep,2025-09,29,Mon,0,0,0
2025-09-30,2025,3,9,Sep,2025-09,30,Tue,0,1,1
2025-10-01,2025,4,10,Oct,2025-10,1,Wed,0,0,0
2025-10-02,2025,4,10,Oct,2025-10,2,Thu,0,0,0
2025-10-03,2025,4,10,Oct,2025-10,3,Fri,0,0,0
2025-10-04,2025,4,10,Oct,2025-10,4,Sat,1,0,0
2025-10-05,2025,4,10,Oct,2025-10,5,Sun,1,0,0
2025-10-06,2025,4,10,Oct,2025-10,6,Mon,0,0,0
2025-10-07,2025,4,10,Oct,2025-10,7,Tue,0,0,0
2025-10-08,2025,4,10,Oct,2025-10,8,Wed,0,0,0
2025-10-09,2025,4,10,Oct,2025-10,9,Thu,0,0,0
2025-10-10,2025,4,10,Oct,2025-10,10,Fri,0,0,0
2025-10-11,2025,4,10,Oct,2025-10,11,Sat,1,0,0
2025-10-12,2025,4,10,Oct,2025-10,12,Sun,1,0,0
2025-10-13,2025,4,10,Oct,2025-10,13,Mon,0,0,0
2025-10-14,2025,4,10,Oct,2025-10,14,Tue,0,0,0
2025-10-15,2025,4,10,Oct,2025-10,15,Wed,0,0,0
2025-10-16,2025,4,10,Oct,2025-10,16,Thu,0,0,0
2025-10-17,2025,4,10,Oct,2025-10,17,Fri,0,0,0
2025-10-18,2025,4,10,Oct,2025-10,18,Sat,1,0,0
2025-10-19,2025,4,10,Oct,2025-10,19,Sun,1,0,0
2025-10-20,2025,4,10,Oct,2025-10,20,Mon,0,0,0
2025-10-21,2025,4,10,Oct,2025-10,21,Tue,0,0,0
2025-10-22,2025,4,10,Oct,2025-10,22,Wed,0,0,0
2025-10-23,2025,4,10,Oct,2025-10,23,Thu,0,0,0
2025-10-24,2025,4,10,Oct,2025-10,24,Fri,0,0,0
2025-10-25,2025,4,10,Oct,2025-10,25,Sat,1,0,0
2025-10-26,2025,4,10,Oct,2025-10,26,Sun,1,0,0
2025-10-27,2025,4,10,Oct,2025-10,27,Mon,0,0,0
2025-10-28,2025,4,10,Oct,2025-10,28,Tue,0,0,0
2025-10-29,2025,4,10,Oct,2025-10,29,Wed,0,0,0
2025-10-30,2025,4,10,Oct,2025-10,30,Thu,0,0,0
2025-10-31,2025,4,10,Oct,2025-10,31,Fri,0,1,0
2025-11-01,2025,4,11,Nov,2025-11,1,Sat,1,0,0
2025-11-02,2025,4,11,Nov,2025-11,2,Sun,1,0,0
2025-11-03,2025,4,11,Nov,2025-11,3,Mon,0,0,0
2025-11-04,2025,4,11,Nov,2025-11,4,Tue,0,0,0
2025-11-05,2025,4,11,Nov,2025-11,5,Wed,0,0,0
2025-11-06,2025,4,11,Nov,2025-11,6,Thu,0,0,0
2025-11-07,2025,4,11,Nov,2025-11,7,Fri,0,0,0
2025-11-08,2025,4,11,Nov,2025-11,8,Sat,1,0,0
2025-11-09,2025,4,11,Nov,2025-11,9,Sun,1,0,0
2025-11-10,2025,4,11,Nov,2025-11,10,Mon,0,0,0
2025-11-11,2025,4,11,Nov,2025-11,11,Tue,0,0,0
2025-11-12,2025,4,11,Nov,2025-11,12,Wed,0,0,0
2025-11-13,2025,4,11,Nov,2025-11,13,Thu,0,0,0
2025-11-14,2025,4,11,Nov,2025-11,14,Fri,0,0,0
2025-11-15,2025,4,11,Nov,2025-11,15,Sat,1,0,0
2025-11-16,2025,4,11,Nov,2025-11,16,Sun,1,0,0
2025-11-17,2025,4,11,Nov,2025-11,17,Mon,0,0,0
2025-11-18,2025,4,11,Nov,2025-11,18,Tue,0,0,0
2025-11-19,2025,4,11,Nov,2025-11,19,Wed,0,0,0
2025-11-20,2025,4,11,Nov,2025-11,20,Thu,0,0,0
2025-11-21,2025,4,11,Nov,2025-11,21,Fri,0,0,0
2025-11-22,2025,4,11,Nov,2025-11,22,Sat,1,0,0
2025-11-23,2025,4,11,Nov,2025-11,23,Sun,1,0,0
2025-11-24,2025,4,11,Nov,2025-11,24,Mon,0,0,0
2025-11-25,2025,4,11,Nov,2025-11,25,Tue,0,0,0
2025-11-26,2025,4,11,Nov,2025-11,26,Wed,0,0,0
2025-11-27,2025,4,11,Nov,2025-11,27,Thu,0,0,0
2025-11-28,2025,4,11,Nov,2025-11,28,Fri,0,0,0
2025-11-29,2025,4,11,Nov,2025-11,29,Sat,1,0,0
2025-11-30,2025,4,11,Nov,2025-11,30,Sun,1,1,0
2025-12-01,2025,4,12,Dec,2025-12,1,Mon,0,0,0
2025-12-02,2025,4,12,Dec,2025-12,2,Tue,0,0,0
2025-12-03,2025,4,12,Dec,2025-12,3,Wed,0,0,0
2025-12-04,2025,4,12,Dec,2025-12,4,Thu,0,0,0
2025-12-05,2025,4,12,Dec,2025-12,5,Fri,0,0,0
2025-12-06,2025,4,12,Dec,2025-12,6,Sat,1,0,0
2025-12-07,2025,4,12,Dec,2025-12,7,Sun,1,0,0
2025-12-08,2025,4,12,Dec,2025-12,8,Mon,0,0,0
2025-12-09,2025,4,12,Dec,2025-12,9,Tue,0,0,0
2025-12-10,2025,4,12,Dec,2025-12,10,Wed,0,0,0
2025-12-11,2025,4,12,Dec,2025-12,11,Thu,0,0,0
2025-12-12,2025,4,12,Dec,2025-12,12,Fri,0,0,0
2025-12-13,2025,4,12,Dec,2025-12,13,Sat,1,0,0
2025-12-14,2025,4,12,Dec,2025-12,14,Sun,1,0,0
2025-12-15,2025,4,12,Dec,2025-12,15,Mon,0,0,0
2025-12-16,2025,4,12,Dec,2025-12,16,Tue,0,0,0
2025-12-17,2025,4,12,Dec,2025-12,17,Wed,0,0,0
2025-12-18,2025,4,12,Dec,2025-12,18,Thu,0,0,0
2025-12-19,2025,4,12,Dec,2025-12,19,Fri,0,0,0
2025-12-20,2025,4,12,Dec,2025-12,20,Sat,1,0,0
2025-12-21,2025,4,12,Dec,2025-12,21,Sun,1,0,0
2025-12-22,2025,4,12,Dec,2025-12,22,Mon,0,0,0
2025-12-23,2025,4,12,Dec,2025-12,23,Tue,0,0,0
2025-12-24,2025,4,12,Dec,2025-12,24,Wed,0,0,0
2025-12-25,2025,4,12,Dec,2025-12,25,Thu,0,0,0
2025-12-26,2025,4,12,Dec,2025-12,26,Fri,0,0,0
2025-12-27,2025,4,12,Dec,2025-12,27,Sat,1,0,0
2025-12-28,2025,4,12,Dec,2025-12,28,Sun,1,0,0
2025-12-29,2025,4,12,Dec,2025-12,29,Mon,0,0,0
2025-12-30,2025,4,12,Dec,2025-12,30,Tue,0,0,0
2025-12-31,2025,4,12,Dec,2025-12,31,Wed,0,1,1
2026-01-01,2026,1,1,Jan,2026-01,1,Thu,0,0,0
2026-01-02,2026,1,1,Jan,2026-01,2,Fri,0,0,0
2026-01-03,2026,1,1,Jan,2026-01,3,Sat,1,0,0
2026-01-04,2026,1,1,Jan,2026-01,4,Sun,1,0,0
2026-01-05,2026,1,1,Jan,2026-01,5,Mon,0,0,0
2026-01-06,2026,1,1,Jan,2026-01,6,Tue,0,0,0
2026-01-07,2026,1,1,Jan,2026-01,7,Wed,0,0,0
2026-01-08,2026,1,1,Jan,2026-01,8,Thu,0,0,0
2026-01-09,2026,1,1,Jan,2026-01,9,Fri,0,0,0
2026-01-10,2026,1,1,Jan,2026-01,10,Sat,1,0,0
2026-01-11,2026,1,1,Jan,2026-01,11,Sun,1,0,0
2026-01-12,2026,1,1,Jan,2026-01,12,Mon,0,0,0
2026-01-13,2026,1,1,Jan,2026-01,13,Tue,0,0,0
2026-01-14,2026,1,1,Jan,2026-01,14,Wed,0,0,0
2026-01-15,2026,1,1,Jan,2026-01,15,Thu,0,0,0
2026-01-16,2026,1,1,Jan,2026-01,16,Fri,0,0,0
2026-01-17,2026,1,1,Jan,2026-01,17,Sat,1,0,0
2026-01-18,2026,1,1,Jan,2026-01,18,Sun,1,0,0
2026-01-19,2026,1,1,Jan,2026-01,19,Mon,0,0,0
2026-01-20,2026,1,1,Jan,2026-01,20,Tue,0,0,0
2026-01-21,2026,1,1,Jan,2026-01,21,Wed,0,0,0
2026-01-22,2026,1,1,Jan,2026-01,22,Thu,0,0,0
2026-01-23,2026,1,1,Jan,2026-01,23,Fri,0,0,0
2026-01-24,2026,1,1,Jan,2026-01,24,Sat,1,0,0
2026-01-25,2026,1,1,Jan,2026-01,25,Sun,1,0,0
2026-01-26,2026,1,1,Jan,2026-01,26,Mon,0,0,0
2026-01-27,2026,1,1,Jan,2026-01,27,Tue,0,0,0
2026-01-28,2026,1,1,Jan,2026-01,28,Wed,0,0,0
2026-01-29,2026,1,1,Jan,2026-01,29,Thu,0,0,0
2026-01-30,2026,1,1,Jan,2026-01,30,Fri,0,0,0
2026-01-31,2026,1,1,Jan,2026-01,31,Sat,1,1,0
2026-02-01,2026,1,2,Feb,2026-02,1,Sun,1,0,0
2026-02-02,2026,1,2,Feb,2026-02,2,Mon,0,0,0
2026-02-03,2026,1,2,Feb,2026-02,3,Tue,0,0,0
2026-02-04,2026,1,2,Feb,2026-02,4,Wed,0,0,0
2026-02-05,2026,1,2,Feb,2026-02,5,Thu,0,0,0
2026-02-06,2026,1,2,Feb,2026-02,6,Fri,0,0,0
2026-02-07,2026,1,2,Feb,2026-02,7,Sat,1,0,0
2026-02-08,2026,1,2,Feb,2026-02,8,Sun,1,0,0
2026-02-09,2026,1,2,Feb,2026-02,9,Mon,0,0,0
2026-02-10,2026,1,2,Feb,2026-02,10,Tue,0,0,0
2026-02-11,2026,1,2,Feb,2026-02,11,Wed,0,0,0
2026-02-12,2026,1,2,Feb,2026-02,12,Thu,0,0,0
2026-02-13,2026,1,2,Feb,2026-02,13,Fri,0,0,0
2026-02-14,2026,1,2,Feb,2026-02,14,Sat,1,0,0
2026-02-15,2026,1,2,Feb,2026-02,15,Sun,1,0,0
2026-02-16,2026,1,2,Feb,2026-02,16,Mon,0,0,0
2026-02-17,2026,1,2,Feb,2026-02,17,Tue,0,0,0
2026-02-18,2026,1,2,Feb,2026-02,18,Wed,0,0,0
2026-02-19,2026,1,2,Feb,2026-02,19,Thu,0,0,0
2026-02-20,2026,1,2,Feb,2026-02,20,Fri,0,0,0
2026-02-21,2026,1,2,Feb,2026-02,21,Sat,1,0,0
2026-02-22,2026,1,2,Feb,2026-02,22,Sun,1,0,0
2026-02-23,2026,1,2,Feb,2026-02,23,Mon,0,0,0
2026-02-24,2026,1,2,Feb,2026-02,24,Tue,0,0,0
2026-02-25,2026,1,2,Feb,2026-02,25,Wed,0,0,0
2026-02-26,2026,1,2,Feb,2026-02,26,Thu,0,0,0
2026-02-27,2026,1,2,Feb,2026-02,27,Fri,0,0,0
2026-02-28,2026,1,2,Feb,2026-02,28,Sat,1,1,0
2026-03-01,2026,1,3,Mar,2026-03,1,Sun,1,0,0
2026-03-02,2026,1,3,Mar,2026-03,2,Mon,0,0,0
2026-03-03,2026,1,3,Mar,2026-03,3,Tue,0,0,0
2026-03-04,2026,1,3,Mar,2026-03,4,Wed,0,0,0
2026-03-05,2026,1,3,Mar,2026-03,5,Thu,0,0,0
2026-03-06,2026,1,3,Mar,2026-03,6,Fri,0,0,0
2026-03-07,2026,1,3,Mar,2026-03,7,Sat,1,0,0
2026-03-08,2026,1,3,Mar,2026-03,8,Sun,1,0,0
2026-03-09,2026,1,3,Mar,2026-03,9,Mon,0,0,0
2026-03-10,2026,1,3,Mar,2026-03,10,Tue,0,0,0
2026-03-11,2026,1,3,Mar,2026-03,11,Wed,0,0,0
2026-03-12,2026,1,3,Mar,2026-03,12,Thu,0,0,0
2026-03-13,2026,1,3,Mar,2026-03,13,Fri,0,0,0
2026-03-14,2026,1,3,Mar,2026-03,14,Sat,1,0,0
2026-03-15,2026,1,3,Mar,2026-03,15,Sun,1,0,0
2026-03-16,2026,1,3,Mar,2026-03,16,Mon,0,0,0
2026-03-17,2026,1,3,Mar,2026-03,17,Tue,0,0,0
2026-03-18,2026,1,3,Mar,2026-03,18,Wed,0,0,0
2026-03-19,2026,1,3,Mar,2026-03,19,Thu,0,0,0
2026-03-20,2026,1,3,Mar,2026-03,20,Fri,0,0,0
2026-03-21,2026,1,3,Mar,2026-03,21,Sat,1,0,0
2026-03-22,2026,1,3,Mar,2026-03,22,Sun,1,0,0
2026-03-23,2026,1,3,Mar,2026-03,23,Mon,0,0,0
2026-03-24,2026,1,3,Mar,2026-03,24,Tue,0,0,0
2026-03-25,2026,1,3,Mar,2026-03,25,Wed,0,0,0
2026-03-26,2026,1,3,Mar,2026-03,26,Thu,0,0,0
2026-03-27,2026,1,3,Mar,2026-03,27,Fri,0,0,0
2026-03-28,2026,1,3,Mar,2026-03,28,Sat,1,0,0
2026-03-29,2026,1,3,Mar,2026-03,29,Sun,1,0,0
2026-03-30,2026,1,3,Mar,2026-03,30,Mon,0,0,0
2026-03-31,2026,1,3,Mar,2026-03,31,Tue,0,1,1
2026-04-01,2026,2,4,Apr,2026-04,1,Wed,0,0,0
2026-04-02,2026,2,4,Apr,2026-04,2,Thu,0,0,0
2026-04-03,2026,2,4,Apr,2026-04,3,Fri,0,0,0
2026-04-04,2026,2,4,Apr,2026-04,4,Sat,1,0,0
2026-04-05,2026,2,4,Apr,2026-04,5,Sun,1,0,0
2026-04-06,2026,2,4,Apr,2026-04,6,Mon,0,0,0
2026-04-07,2026,2,4,Apr,2026-04,7,Tue,0,0,0
2026-04-08,2026,2,4,Apr,2026-04,8,Wed,0,0,0
2026-04-09,2026,2,4,Apr,2026-04,9,Thu,0,0,0
2026-04-10,2026,2,4,Apr,2026-04,10,Fri,0,0,0
2026-04-11,2026,2,4,Apr,2026-04,11,Sat,1,0,0
2026-04-12,2026,2,4,Apr,2026-04,12,Sun,1,0,0
2026-04-13,2026,2,4,Apr,2026-04,13,Mon,0,0,0
2026-04-14,2026,2,4,Apr,2026-04,14,Tue,0,0,0
2026-04-15,2026,2,4,Apr,2026-04,15,Wed,0,0,0
2026-04-16,2026,2,4,Apr,2026-04,16,Thu,0,0,0
2026-04-17,2026,2,4,Apr,2026-04,17,Fri,0,0,0
2026-04-18,2026,2,4,Apr,2026-04,18,Sat,1,0,0
2026-04-19,2026,2,4,Apr,2026-04,19,Sun,1,0,0
2026-04-20,2026,2,4,Apr,2026-04,20,Mon,0,0,0
2026-04-21,2026,2,4,Apr,2026-04,21,Tue,0,0,0
2026-04-22,2026,2,4,Apr,2026-04,22,Wed,0,0,0
2026-04-23,2026,2,4,Apr,2026-04,23,Thu,0,0,0
2026-04-24,2026,2,4,Apr,2026-04,24,Fri,0,0,0
2026-04-25,2026,2,4,Apr,2026-04,25,Sat,1,0,0
2026-04-26,2026,2,4,Apr,2026-04,26,Sun,1,0,0
2026-04-27,2026,2,4,Apr,2026-04,27,Mon,0,0,0
2026-04-28,2026,2,4,Apr,2026-04,28,Tue,0,0,0
2026-04-29,2026,2,4,Apr,2026-04,29,Wed,0,0,0
2026-04-30,2026,2,4,Apr,2026-04,30,Thu,0,1,0
2026-05-01,2026,2,5,May,2026-05,1,Fri,0,0,0
2026-05-02,2026,2,5,May,2026-05,2,Sat,1,0,0
2026-05-03,2026,2,5,May,2026-05,3,Sun,1,0,0
2026-05-04,2026,2,5,May,2026-05,4,Mon,0,0,0
2026-05-05,2026,2,5,May,2026-05,5,Tue,0,0,0
2026-05-06,2026,2,5,May,2026-05,6,Wed,0,0,0
2026-05-07,2026,2,5,May,2026-05,7,Thu,0,0,0
2026-05-08,2026,2,5,May,2026-05,8,Fri,0,0,0
2026-05-09,2026,2,5,May,2026-05,9,Sat,1,0,0
2026-05-10,2026,2,5,May,2026-05,10,Sun,1,0,0
2026-05-11,2026,2,5,May,2026-05,11,Mon,0,0,0
2026-05-12,2026,2,5,May,2026-05,12,Tue,0,0,0
2026-05-13,2026,2,5,May,2026-05,13,Wed,0,0,0
2026-05-14,2026,2,5,May,2026-05,14,Thu,0,0,0
2026-05-15,2026,2,5,May,2026-05,15,Fri,0,0,0
2026-05-16,2026,2,5,May,2026-05,16,Sat,1,0,0
2026-05-17,2026,2,5,May,2026-05,17,Sun,1,0,0
2026-05-18,2026,2,5,May,2026-05,18,Mon,0,0,0
2026-05-19,2026,2,5,May,2026-05,19,Tue,0,0,0
2026-05-20,2026,2,5,May,2026-05,20,Wed,0,0,0
2026-05-21,2026,2,5,May,2026-05,21,Thu,0,0,0
2026-05-22,2026,2,5,May,2026-05,22,Fri,0,0,0
2026-05-23,2026,2,5,May,2026-05,23,Sat,1,0,0
2026-05-24,2026,2,5,May,2026-05,24,Sun,1,0,0
2026-05-25,2026,2,5,May,2026-05,25,Mon,0,0,0
2026-05-26,2026,2,5,May,2026-05,26,Tue,0,0,0
2026-05-27,2026,2,5,May,2026-05,27,Wed,0,0,0
2026-05-28,2026,2,5,May,2026-05,28,Thu,0,0,0
2026-05-29,2026,2,5,May,2026-05,29,Fri,0,0,0
2026-05-30,2026,2,5,May,2026-05,30,Sat,1,0,0
2026-05-31,2026,2,5,May,2026-05,31,Sun,1,1,0
2026-06-01,2026,2,6,Jun,2026-06,1,Mon,0,0,0
2026-06-02,2026,2,6,Jun,2026-06,2,Tue,0,0,0
2026-06-03,2026,2,6,Jun,2026-06,3,Wed,0,0,0
2026-06-04,2026,2,6,Jun,2026-06,4,Thu,0,0,0
2026-06-05,2026,2,6,Jun,2026-06,5,Fri,0,0,0
2026-06-06,2026,2,6,Jun,2026-06,6,Sat,1,0,0
2026-06-07,2026,2,6,Jun,2026-06,7,Sun,1,0,0
2026-06-08,2026,2,6,Jun,2026-06,8,Mon,0,0,0
2026-06-09,2026,2,6,Jun,2026-06,9,Tue,0,0,0
2026-06-10,2026,2,6,Jun,2026-06,10,Wed,0,0,0
2026-06-11,2026,2,6,Jun,2026-06,11,Thu,0,0,0
2026-06-12,2026,2,6,Jun,2026-06,12,Fri,0,0,0
2026-06-13,2026,2,6,Jun,2026-06,13,Sat,1,0,0
2026-06-14,2026,2,6,Jun,2026-06,14,Sun,1,0,0
2026-06-15,2026,2,6,Jun,2026-06,15,Mon,0,0,0
2026-06-16,2026,2,6,Jun,2026-06,16,Tue,0,0,0
2026-06-17,2026,2,6,Jun,2026-06,17,Wed,0,0,0
2026-06-18,2026,2,6,Jun,2026-06,18,Thu,0,0,0
2026-06-19,2026,2,6,Jun,2026-06,19,Fri,0,0,0
2026-06-20,2026,2,6,Jun,2026-06,20,Sat,1,0,0
2026-06-21,2026,2,6,Jun,2026-06,21,Sun,1,0,0
2026-06-22,2026,2,6,Jun,2026-06,22,Mon,0,0,0
2026-06-23,2026,2,6,Jun,2026-06,23,Tue,0,0,0
2026-06-24,2026,2,6,Jun,2026-06,24,Wed,0,0,0
2026-06-25,2026,2,6,Jun,2026-06,25,Thu,0,0,0
2026-06-26,2026,2,6,Jun,2026-06,26,Fri,0,0,0
2026-06-27,2026,2,6,Jun,2026-06,27,Sat,1,0,0
2026-06-28,2026,2,6,Jun,2026-06,28,Sun,1,0,0
2026-06-29,2026,2,6,Jun,2026-06,29,Mon,0,0,0
2026-06-30,2026,2,6,Jun,2026-06,30,Tue,0,1,1
